nama_file,kelas,tanggal,kondisi_cahaya,sumber,file_asli,lebar,tinggi,split
mobil_20261002_internet_001.jpg,mobil,20261002,foto_internet,internet_dataset_patrol,001.jpg,300,168,train
mobil_20261002_internet_002.jpg,mobil,20261002,foto_internet,internet_dataset_patrol,002.jpg,284,177,train
mobil_20261002_internet_003.jpg,mobil,20261002,foto_internet,internet_dataset_patrol,003.jpg,284,177,train
mobil_20261002_internet_004.jpg,mobil,20261002,foto_internet,internet_dataset_patrol,004.jpg,300,168,train
mobil_20261002_internet_005.jpg,mobil,20261002,foto_internet,internet_dataset_patrol,005.jpg,168,299,train
mobil_20261002_internet_006.jpg,mobil,20261002,foto_internet,internet_dataset_patrol,006.jpg,300,168,train
mobil_20261002_internet_007.jpg,mobil,20261002,foto_internet,internet_dataset_patrol,007.jpg,168,300,train
mobil_20261002_internet_008.jpg,mobil,20261002,foto_internet,internet_dataset_patrol,008.jpg,300,168,train
mobil_20261002_internet_009.jpg,mobil,20261002,foto_internet,internet_dataset_patrol,009.jpg,300,168,train
mobil_20261002_internet_010.jpg,mobil,20261002,foto_internet,internet_dataset_patrol,010.jpg,259,194,val
mobil_20261002_internet_011.jpg,mobil,20261002,foto_internet,internet_dataset_patrol,011.jpg,259,194,train
mobil_20261002_internet_012.jpg,mobil,20261002,foto_internet,internet_dataset_patrol,012.jpg,284,177,train
mobil_20261002_internet_013.jpg,mobil,20261002,foto_internet,internet_dataset_patrol,013.jpg,284,177,train
mobil_20261002_internet_014.jpg,mobil,20261002,foto_internet,internet_dataset_patrol,014.jpg,152,331,train
mobil_20261002_internet_015.jpg,mobil,20261002,foto_internet,internet_dataset_patrol,015.jpg,259,194,train
mobil_20261002_internet_016.jpg,mobil,20261002,foto_internet,internet_dataset_patrol,016.jpg,298,169,train
mobil_20261002_internet_017.jpg,mobil,20261002,foto_internet,internet_dataset_patrol,017.jpg,286,176,val
mobil_20261002_internet_018.jpg,mobil,20261002,foto_internet,internet_dataset_patrol,018.jpg,275,183,train
mobil_20261002_internet_019.jpg,mobil,20261002,foto_internet,internet_dataset_patrol,019.jpg,287,176,train
mobil_20261002_internet_020.jpg,mobil,20261002,foto_internet,internet_dataset_patrol,020.jpg,259,194,test
mobil_20261002_internet_021.jpg,mobil,20261002,foto_internet,internet_dataset_patrol,021.jpg,300,168,train
mobil_20261002_internet_022.jpg,mobil,20261002,foto_internet,internet_dataset_patrol,022.jpg,284,177,test
mobil_20261002_internet_023.jpg,mobil,20261002,foto_internet,internet_dataset_patrol,023.jpg,265,190,train
mobil_20261002_internet_024.jpg,mobil,20261002,foto_internet,internet_dataset_patrol,024.jpg,305,165,train
mobil_20261002_internet_025.jpg,mobil,20261002,foto_internet,internet_dataset_patrol,025.jpg,342,147,train
mobil_20261002_internet_026.jpg,mobil,20261002,foto_internet,internet_dataset_patrol,026.jpg,300,168,train
mobil_20261002_internet_027.jpg,mobil,20261002,foto_internet,internet_dataset_patrol,027.jpg,284,177,train
mobil_20261002_internet_028.jpg,mobil,20261002,foto_internet,internet_dataset_patrol,028.jpg,306,165,train
mobil_20261002_internet_029.jpg,mobil,20261002,foto_internet,internet_dataset_patrol,029.jpg,183,275,val
mobil_20261002_internet_030.jpg,mobil,20261002,foto_internet,internet_dataset_patrol,030.jpg,284,177,train
mobil_20261002_internet_031.jpg,mobil,20261002,foto_internet,internet_dataset_patrol,031.jpg,284,177,test
mobil_20261002_internet_032.jpg,mobil,20261002,foto_internet,internet_dataset_patrol,032.jpg,275,183,val
mobil_20261002_internet_033.jpg,mobil,20261002,foto_internet,internet_dataset_patrol,033.jpg,299,168,train
mobil_20261002_internet_034.jpg,mobil,20261002,foto_internet,internet_dataset_patrol,034.jpg,300,168,train
mobil_20261002_internet_035.jpg,mobil,20261002,foto_internet,internet_dataset_patrol,035.jpg,284,177,train
mobil_20261002_internet_036.jpg,mobil,20261002,foto_internet,internet_dataset_patrol,036.jpg,275,183,train
mobil_20261002_internet_037.jpg,mobil,20261002,foto_internet,internet_dataset_patrol,037.jpg,275,183,train
mobil_20261002_internet_038.jpg,mobil,20261002,foto_internet,internet_dataset_patrol,038.jpg,259,194,train
mobil_20261002_internet_039.jpg,mobil,20261002,foto_internet,internet_dataset_patrol,039.jpg,300,168,train
mobil_20261002_internet_040.jpg,mobil,20261002,foto_internet,internet_dataset_patrol,040.jpg,242,209,test
mobil_20261002_internet_041.jpg,mobil,20261002,foto_internet,internet_dataset_patrol,041.jpg,275,183,train
mobil_20261002_internet_042.jpg,mobil,20261002,foto_internet,internet_dataset_patrol,042.jpg,284,177,train
mobil_20261002_internet_043.jpg,mobil,20261002,foto_internet,internet_dataset_patrol,043.jpg,300,168,train
mobil_20261002_internet_044.jpg,mobil,20261002,foto_internet,internet_dataset_patrol,044.jpg,259,194,train
mobil_20261002_internet_045.jpg,mobil,20261002,foto_internet,internet_dataset_patrol,045.jpg,300,168,test
mobil_20261002_internet_046.jpg,mobil,20261002,foto_internet,internet_dataset_patrol,046.jpg,275,183,train
mobil_20261002_internet_047.jpg,mobil,20261002,foto_internet,internet_dataset_patrol,047.jpg,259,194,train
mobil_20261002_internet_048.jpg,mobil,20261002,foto_internet,internet_dataset_patrol,048.jpg,300,168,train
mobil_20261002_internet_049.jpg,mobil,20261002,foto_internet,internet_dataset_patrol,049.jpg,272,185,val
mobil_20261002_internet_050.jpg,mobil,20261002,foto_internet,internet_dataset_patrol,050.jpg,292,173,train
mobil_20261002_internet_051.jpg,mobil,20261002,foto_internet,internet_dataset_patrol,051.jpg,300,168,train
mobil_20261002_internet_052.jpg,mobil,20261002,foto_internet,internet_dataset_patrol,052.jpg,300,168,train
mobil_20261002_internet_053.jpg,mobil,20261002,foto_internet,internet_dataset_patrol,053.jpg,310,162,train
mobil_20261002_internet_054.jpg,mobil,20261002,foto_internet,internet_dataset_patrol,054.jpg,286,176,train
motor_20261002_internet_001.jpg,motor,20261002,foto_internet,internet_dataset_patrol,000003.jpg,4501,3000,test
motor_20261002_internet_002.jpg,motor,20261002,foto_internet,internet_dataset_patrol,000004.jpg,800,636,train
motor_20261002_internet_003.jpg,motor,20261002,foto_internet,internet_dataset_patrol,000006.jpg,2500,1227,train
motor_20261002_internet_004.jpg,motor,20261002,foto_internet,internet_dataset_patrol,000007.jpg,2400,1600,train
motor_20261002_internet_005.jpg,motor,20261002,foto_internet,internet_dataset_patrol,000008.jpg,2000,1500,train
motor_20261002_internet_006.jpg,motor,20261002,foto_internet,internet_dataset_patrol,000010.jpg,5250,3500,train
motor_20261002_internet_007.jpg,motor,20261002,foto_internet,internet_dataset_patrol,000012.jpg,3000,2000,train
motor_20261002_internet_008.jpg,motor,20261002,foto_internet,internet_dataset_patrol,000015.jpg,1400,875,train
motor_20261002_internet_009.jpg,motor,20261002,foto_internet,internet_dataset_patrol,000018.jpg,4210,3127,train
motor_20261002_internet_010.jpg,motor,20261002,foto_internet,internet_dataset_patrol,000020.jpg,1200,900,train
motor_20261002_internet_011.jpg,motor,20261002,foto_internet,internet_dataset_patrol,000021.jpg,800,510,train
motor_20261002_internet_012.jpg,motor,20261002,foto_internet,internet_dataset_patrol,000022.jpg,750,526,val
motor_20261002_internet_013.jpg,motor,20261002,foto_internet,internet_dataset_patrol,000023.jpg,2000,2000,train
motor_20261002_internet_014.jpg,motor,20261002,foto_internet,internet_dataset_patrol,000024.jpg,960,744,train
motor_20261002_internet_015.jpg,motor,20261002,foto_internet,internet_dataset_patrol,000025.jpg,1777,1333,train
motor_20261002_internet_016.jpg,motor,20261002,foto_internet,internet_dataset_patrol,000026.jpg,2048,1536,train
motor_20261002_internet_017.jpg,motor,20261002,foto_internet,internet_dataset_patrol,000027.jpg,800,586,test
motor_20261002_internet_018.jpg,motor,20261002,foto_internet,internet_dataset_patrol,000029.jpg,2000,2000,train
motor_20261002_internet_019.jpg,motor,20261002,foto_internet,internet_dataset_patrol,000030.jpg,700,550,train
motor_20261002_internet_020.jpg,motor,20261002,foto_internet,internet_dataset_patrol,000031.jpg,400,300,val
motor_20261002_internet_021.jpg,motor,20261002,foto_internet,internet_dataset_patrol,000032.jpg,280,250,train
motor_20261002_internet_022.jpg,motor,20261002,foto_internet,internet_dataset_patrol,000033.jpg,1200,834,train
motor_20261002_internet_023.jpg,motor,20261002,foto_internet,internet_dataset_patrol,000034.jpg,500,325,train
motor_20261002_internet_024.jpg,motor,20261002,foto_internet,internet_dataset_patrol,000035.jpg,800,600,train
motor_20261002_internet_025.jpg,motor,20261002,foto_internet,internet_dataset_patrol,000036.jpg,800,537,train
motor_20261002_internet_026.jpg,motor,20261002,foto_internet,internet_dataset_patrol,000037.jpg,894,816,train
motor_20261002_internet_027.jpg,motor,20261002,foto_internet,internet_dataset_patrol,000038.jpg,2400,1200,train
motor_20261002_internet_028.jpg,motor,20261002,foto_internet,internet_dataset_patrol,000039.jpg,745,497,train
motor_20261002_internet_029.jpg,motor,20261002,foto_internet,internet_dataset_patrol,000040.jpg,750,750,train
motor_20261002_internet_030.jpg,motor,20261002,foto_internet,internet_dataset_patrol,000042.jpg,280,250,train
motor_20261002_internet_031.jpg,motor,20261002,foto_internet,internet_dataset_patrol,000044.jpg,700,461,val
motor_20261002_internet_032.jpg,motor,20261002,foto_internet,internet_dataset_patrol,000046.jpg,1000,696,test
motor_20261002_internet_033.jpg,motor,20261002,foto_internet,internet_dataset_patrol,000047.jpg,2000,1000,train
motor_20261002_internet_034.jpg,motor,20261002,foto_internet,internet_dataset_patrol,000049.jpg,1536,1100,test
motor_20261002_internet_035.jpg,motor,20261002,foto_internet,internet_dataset_patrol,000050.jpg,2048,1193,train
motor_20261002_internet_036.jpg,motor,20261002,foto_internet,internet_dataset_patrol,000051.jpg,2500,1227,train
motor_20261002_internet_037.jpg,motor,20261002,foto_internet,internet_dataset_patrol,000052.jpg,1920,1165,train
motor_20261002_internet_038.jpg,motor,20261002,foto_internet,internet_dataset_patrol,000054.jpg,645,363,train
motor_20261002_internet_039.jpg,motor,20261002,foto_internet,internet_dataset_patrol,000056.jpg,800,800,train
motor_20261002_internet_040.jpg,motor,20261002,foto_internet,internet_dataset_patrol,000057.jpg,1920,1280,train
motor_20261002_internet_041.jpg,motor,20261002,foto_internet,internet_dataset_patrol,000061.jpg,600,600,train
motor_20261002_internet_042.jpg,motor,20261002,foto_internet,internet_dataset_patrol,000062.jpg,980,656,train
motor_20261002_internet_043.jpg,motor,20261002,foto_internet,internet_dataset_patrol,000065.jpg,800,400,train
motor_20261002_internet_044.jpg,motor,20261002,foto_internet,internet_dataset_patrol,000067.jpg,2400,1800,val
motor_20261002_internet_045.jpg,motor,20261002,foto_internet,internet_dataset_patrol,000068.jpg,1200,1200,train
motor_20261002_internet_046.jpg,motor,20261002,foto_internet,internet_dataset_patrol,000070.jpg,1200,800,train
motor_20261002_internet_047.jpg,motor,20261002,foto_internet,internet_dataset_patrol,000071.jpg,1346,746,train
motor_20261002_internet_048.jpg,motor,20261002,foto_internet,internet_dataset_patrol,000075.jpg,1100,688,train
motor_20261002_internet_049.jpg,motor,20261002,foto_internet,internet_dataset_patrol,000076.png,700,550,val
motor_20261002_internet_050.jpg,motor,20261002,foto_internet,internet_dataset_patrol,000077.jpg,800,487,test
motor_20261002_internet_051.jpg,motor,20261002,foto_internet,internet_dataset_patrol,000078.jpg,2083,1042,train
motor_20261002_internet_052.jpg,motor,20261002,foto_internet,internet_dataset_patrol,000080.jpg,1280,720,train
motor_20261002_internet_053.jpg,motor,20261002,foto_internet,internet_dataset_patrol,000081.jpg,800,600,train
motor_20261002_internet_054.jpg,motor,20261002,foto_internet,internet_dataset_patrol,000082.jpg,750,500,train
motor_20261002_internet_055.jpg,motor,20261002,foto_internet,internet_dataset_patrol,000083.jpg,960,981,train
motor_20261002_internet_056.jpg,motor,20261002,foto_internet,internet_dataset_patrol,000084.jpg,1200,800,train
motor_20261002_internet_057.jpg,motor,20261002,foto_internet,internet_dataset_patrol,000085.jpg,615,410,test
motor_20261002_internet_058.jpg,motor,20261002,foto_internet,internet_dataset_patrol,000087.jpg,1200,1200,train
motor_20261002_internet_059.jpg,motor,20261002,foto_internet,internet_dataset_patrol,000088.jpg,1664,936,train
motor_20261002_internet_060.jpg,motor,20261002,foto_internet,internet_dataset_patrol,000089.jpg,854,1232,val
