epoch,train_loss,train_acc,val_loss,val_acc,waktu_epoch_s
1,0.4217495736868485,0.8043478260869565,0.12701796846787064,0.9090909090909091,4.465434551239014
2,0.19863942472021218,0.9565217391304348,0.0025539814986669544,1.0,4.418934106826782
3,0.033942159285525915,0.9782608695652174,0.002518759860487824,1.0,4.43008828163147
4,0.11283326820652607,0.967391304347826,0.007704805434596809,1.0,4.760607004165649
5,0.03496686837878888,0.9891304347826086,0.0045853284695609045,1.0,4.743366241455078
6,0.005093806160047003,1.0,0.0031122833765535192,1.0,4.733632326126099
7,0.034968414227478206,0.9891304347826086,0.002527102013118565,1.0,5.001471281051636
8,0.01596610634284013,1.0,0.004764540819451213,1.0,5.589226245880127
9,0.030286779247588762,0.9891304347826086,0.004684725940354507,1.0,7.277175188064575
10,0.10010639160527321,0.9782608695652174,0.006142143525225533,1.0,5.888288259506226
